Workbook

Sheet PAYROLL
A3: S/N | B3: NAMES | C3: NRC | D3: JOB TITTLE | E3: SITE | F3: RATE/HRS | G3: NORMAL WORKING HRS | H3: OVER TIME RATE | I3: HOLIDAY OVERTIME RATE | J3: PRESENT DAYS | K3: PRESENT AMOUNT | L3: OVERT TIME | M3: OVER TIME AMOUNT | N3: HOLIDAY OVER TIME | O3: HOLIDAY OVER TIME AMOUNT | P3: GROSS SALARY | Q3: NHIMA | R3: NAPSA | S3: SOFT LOAN | T3: SOFT LOAN DEDUCTION | U3: OTHER DEDUCTION | V3: NET PAY
A4: 1 | B4: KELIES CHIKUMBI | C4: 355479/66/1 | D4: FIITER | E4: KITWE | F4: 35 | G4: 8 | H4: =F4*1.5 -> 52.5 | I4: =F4*2 -> 70 | J4: 26 | K4: =F4*G4*J4 -> 7280 | L4: 25 | M4: =L4*H4 -> 1312.5 | N4: 16 | O4: =N4*I4 -> 1120 | P4: =K4+M4+O4 -> 9712.5 | Q4: =P4*1% -> 97.125 | R4: =P4*5% -> 485.625 | S4: 1500 | T4: =S4*0.3+S4 -> 1950 | V4: =P4-Q4-R4-T4-U4 -> 7179.75
A5: 2 | B5: MAPALO | C5: X | D5: DEVELOPER | E5: MUFULIRA | F5: 45 | G5: 8 | H5: =F5*1.5 -> 67.5 | I5: =F5*2 -> 90 | J5: 24 | K5: =F5*G5*J5 -> 8640 | L5: 12 | M5: =L5*H5 -> 810 | N5: 10 | O5: =N5*I5 -> 900 | P5: =K5+M5+O5 -> 10350 | Q5: =P5*1% -> 103.5 | R5: =P5*5% -> 517.5 | S5: 1501 | T5: =S5*0.3+S5 -> 1951.3 | V5: =P5-Q5-R5-T5-U5 -> 7777.7
A6: 3 | V6: =SUM(V4:V5) -> 14957.45

Sheet PAYSLIP
D2: MUSUNGA ENGINEERING SERVICES LTD | H2: Page 1
A3: MUFULIRA | D3: PAY STATEMENT FOR: AUGUST 2025
A4: EMP NO 00101 | E4: GRADE | F4: MINE SITE | G4: XMAS BONUS | H4: NORMAL WORKING HRS
A5: NAME: CHIKUMBI KELIES | E5: =PAYROLL!F4 -> 35 | F5: MUFULIRA | H5: 8
A6: N.R.C: 355479/66/1
A7: DATE Engaged: 08/04/2017
A9: Earning | G9: Deductions
A10: Description | C10: units | D10: Amount | G10: Description | H10: Amount
A11: BASIC PAY | C11: =PAYROLL!J4 -> 26 | D11: =PAYROLL!K4 -> 7280 | G11: NAPSA | H11: =PAYROLL!R4 -> 485.625
A12: OVERTIME | C12: =PAYROLL!L4 -> 25 | D12: =PAYROLL!M4 -> 1312.5 | G12: SOFT LOAN | H12: =PAYROLL!T4 -> 1950
A13: SHIFT DIFFERENTIAL | C13: 0 | G13: NHIMA | H13: =PAYROLL!Q4 -> 97.125
A14: SUNDAY/HOLIDAY OT | C14: =PAYROLL!N4 -> 16 | D14: =PAYROLL!O4 -> 1120 | G14: OTHER | H14: 0
A16: Total Earnings | G16: Total Deductions | H16: =SUM(H11:H14) -> 2532.75
D17: =PAYROLL!P4 -> 9712.5 | G17: Net Pay
